{
  "ciudades": ["El Cairo", "Casablanca", "Dakar", "Lagos", "Nairobi", "Adís Abeba", "Johannesburgo", "Ciudad del Cabo", "Túnez", "Marrakech"],
  "conexiones": [
    { "origen": "Casablanca", "destino": "Marrakech", "transportes": [{ "tipo": "tren", "costo": 15, "tiempo": 3 }, { "tipo": "bus", "costo": 10, "tiempo": 4 }] },
    { "origen": "Marrakech", "destino": "Casablanca", "transportes": [{ "tipo": "tren", "costo": 15, "tiempo": 3 }, { "tipo": "bus", "costo": 10, "tiempo": 4 }] },

    { "origen": "Casablanca", "destino": "Túnez", "transportes": [{ "tipo": "avion", "costo": 180, "tiempo": 2.5 }] },
    { "origen": "Túnez", "destino": "Casablanca", "transportes": [{ "tipo": "avion", "costo": 180, "tiempo": 2.5 }] },

    { "origen": "Túnez", "destino": "El Cairo", "transportes": [{ "tipo": "avion", "costo": 200, "tiempo": 3 }] },
    { "origen": "El Cairo", "destino": "Túnez", "transportes": [{ "tipo": "avion", "costo": 200, "tiempo": 3 }] },

    { "origen": "El Cairo", "destino": "Adís Abeba", "transportes": [{ "tipo": "avion", "costo": 250, "tiempo": 4 }] },
    { "origen": "Adís Abeba", "destino": "El Cairo", "transportes": [{ "tipo": "avion", "costo": 250, "tiempo": 4 }] },

    { "origen": "Adís Abeba", "destino": "Nairobi", "transportes": [{ "tipo": "avion", "costo": 150, "tiempo": 2 }] },
    { "origen": "Nairobi", "destino": "Adís Abeba", "transportes": [{ "tipo": "avion", "costo": 150, "tiempo": 2 }] },

    { "origen": "Nairobi", "destino": "Johannesburgo", "transportes": [{ "tipo": "avion", "costo": 300, "tiempo": 4 }] },
    { "origen": "Johannesburgo", "destino": "Nairobi", "transportes": [{ "tipo": "avion", "costo": 300, "tiempo": 4 }] },

    { "origen": "Johannesburgo", "destino": "Ciudad del Cabo", "transportes": [{ "tipo": "avion", "costo": 90, "tiempo": 2 }, { "tipo": "tren", "costo": 50, "tiempo": 25 }] },
    { "origen": "Ciudad del Cabo", "destino": "Johannesburgo", "transportes": [{ "tipo": "avion", "costo": 90, "tiempo": 2 }, { "tipo": "tren", "costo": 50, "tiempo": 25 }] },

    { "origen": "Lagos", "destino": "Nairobi", "transportes": [{ "tipo": "avion", "costo": 350, "tiempo": 5 }] },
    { "origen": "Nairobi", "destino": "Lagos", "transportes": [{ "tipo": "avion", "costo": 350, "tiempo": 5 }] },

    { "origen": "Dakar", "destino": "Casablanca", "transportes": [{ "tipo": "avion", "costo": 220, "tiempo": 3.5 }] },
    { "origen": "Casablanca", "destino": "Dakar", "transportes": [{ "tipo": "avion", "costo": 220, "tiempo": 3.5 }] },

    { "origen": "Dakar", "destino": "Lagos", "transportes": [{ "tipo": "avion", "costo": 280, "tiempo": 4 }] },
    { "origen": "Lagos", "destino": "Dakar", "transportes": [{ "tipo": "avion", "costo": 280, "tiempo": 4 }] }
  ]
}