{
  "ciudades": ["Tokio", "Osaka", "Seúl", "Pekín", "Shanghái", "Hong Kong", "Bangkok", "Singapur", "Nueva Delhi", "Dubái"],
  "conexiones": [
    { "origen": "Tokio", "destino": "Osaka", "transportes": [{ "tipo": "tren", "costo": 130, "tiempo": 2.5 }, { "tipo": "bus", "costo": 40, "tiempo": 8 }] },
    { "origen": "Osaka", "destino": "Tokio", "transportes": [{ "tipo": "tren", "costo": 130, "tiempo": 2.5 }, { "tipo": "bus", "costo": 40, "tiempo": 8 }] },

    { "origen": "Tokio", "destino": "Seúl", "transportes": [{ "tipo": "avion", "costo": 150, "tiempo": 2.5 }] },
    { "origen": "Seúl", "destino": "Tokio", "transportes": [{ "tipo": "avion", "costo": 150, "tiempo": 2.5 }] },

    { "origen": "Seúl", "destino": "Pekín", "transportes": [{ "tipo": "avion", "costo": 140, "tiempo": 2 }] },
    { "origen": "Pekín", "destino": "Seúl", "transportes": [{ "tipo": "avion", "costo": 140, "tiempo": 2 }] },

    { "origen": "Pekín", "destino": "Shanghái", "transportes": [{ "tipo": "tren", "costo": 80, "tiempo": 4.5 }, { "tipo": "avion", "costo": 100, "tiempo": 2.2 }] },
    { "origen": "Shanghái", "destino": "Pekín", "transportes": [{ "tipo": "tren", "costo": 80, "tiempo": 4.5 }, { "tipo": "avion", "costo": 100, "tiempo": 2.2 }] },

    { "origen": "Shanghái", "destino": "Hong Kong", "transportes": [{ "tipo": "avion", "costo": 120, "tiempo": 3 }] },
    { "origen": "Hong Kong", "destino": "Shanghái", "transportes": [{ "tipo": "avion", "costo": 120, "tiempo": 3 }] },

    { "origen": "Hong Kong", "destino": "Bangkok", "transportes": [{ "tipo": "avion", "costo": 110, "tiempo": 3 }] },
    { "origen": "Bangkok", "destino": "Hong Kong", "transportes": [{ "tipo": "avion", "costo": 110, "tiempo": 3 }] },

    { "origen": "Bangkok", "destino": "Singapur", "transportes": [{ "tipo": "avion", "costo": 80, "tiempo": 2.5 }, { "tipo": "tren", "costo": 60, "tiempo": 28 }] },
    { "origen": "Singapur", "destino": "Bangkok", "transportes": [{ "tipo": "avion", "costo": 80, "tiempo": 2.5 }, { "tipo": "tren", "costo": 60, "tiempo": 28 }] },

    { "origen": "Bangkok", "destino": "Nueva Delhi", "transportes": [{ "tipo": "avion", "costo": 160, "tiempo": 4.5 }] },
    { "origen": "Nueva Delhi", "destino": "Bangkok", "transportes": [{ "tipo": "avion", "costo": 160, "tiempo": 4.5 }] },

    { "origen": "Nueva Delhi", "destino": "Dubái", "transportes": [{ "tipo": "avion", "costo": 180, "tiempo": 4 }] },
    { "origen": "Dubái", "destino": "Nueva Delhi", "transportes": [{ "tipo": "avion", "costo": 180, "tiempo": 4 }] },

    { "origen": "Dubái", "destino": "Tokio", "transportes": [{ "tipo": "avion", "costo": 600, "tiempo": 9 }] },
    { "origen": "Tokio", "destino": "Dubái", "transportes": [{ "tipo": "avion", "costo": 600, "tiempo": 9 }] }
  ]
}