{
  "ciudades": ["Ciudad de Panamá", "San José", "Managua", "San Salvador", "Ciudad de Guatemala", "Belice", "Cancún", "La Habana", "San Juan", "Punta Cana"],
  "conexiones": [
    { "origen": "Ciudad de Panamá", "destino": "San José", "transportes": [{ "tipo": "bus", "costo": 40, "tiempo": 15 }, { "tipo": "avion", "costo": 120, "tiempo": 1 }] },
    { "origen": "San José", "destino": "Ciudad de Panamá", "transportes": [{ "tipo": "bus", "costo": 40, "tiempo": 15 }, { "tipo": "avion", "costo": 120, "tiempo": 1 }] },

    { "origen": "San José", "destino": "Managua", "transportes": [{ "tipo": "bus", "costo": 30, "tiempo": 8 }] },
    { "origen": "Managua", "destino": "San José", "transportes": [{ "tipo": "bus", "costo": 30, "tiempo": 8 }] },

    { "origen": "Managua", "destino": "San Salvador", "transportes": [{ "tipo": "bus", "costo": 35, "tiempo": 10 }] },
    { "origen": "San Salvador", "destino": "Managua", "transportes": [{ "tipo": "bus", "costo": 35, "tiempo": 10 }] },

    { "origen": "San Salvador", "destino": "Ciudad de Guatemala", "transportes": [{ "tipo": "bus", "costo": 25, "tiempo": 5 }] },
    { "origen": "Ciudad de Guatemala", "destino": "San Salvador", "transportes": [{ "tipo": "bus", "costo": 25, "tiempo": 5 }] },

    { "origen": "Ciudad de Guatemala", "destino": "Belice", "transportes": [{ "tipo": "bus", "costo": 40, "tiempo": 12 }] },
    { "origen": "Belice", "destino": "Ciudad de Guatemala", "transportes": [{ "tipo": "bus", "costo": 40, "tiempo": 12 }] },

    { "origen": "Belice", "destino": "Cancún", "transportes": [{ "tipo": "bus", "costo": 30, "tiempo": 8 }] },
    { "origen": "Cancún", "destino": "Belice", "transportes": [{ "tipo": "bus", "costo": 30, "tiempo": 8 }] },

    { "origen": "Cancún", "destino": "La Habana", "transportes": [{ "tipo": "avion", "costo": 150, "tiempo": 1.2 }] },
    { "origen": "La Habana", "destino": "Cancún", "transportes": [{ "tipo": "avion", "costo": 150, "tiempo": 1.2 }] },

    { "origen": "La Habana", "destino": "San Juan", "transportes": [{ "tipo": "avion", "costo": 200, "tiempo": 2.5 }] },
    { "origen": "San Juan", "destino": "La Habana", "transportes": [{ "tipo": "avion", "costo": 200, "tiempo": 2.5 }] },

    { "origen": "San Juan", "destino": "Punta Cana", "transportes": [{ "tipo": "avion", "costo": 100, "tiempo": 0.8 }] },
    { "origen": "Punta Cana", "destino": "San Juan", "transportes": [{ "tipo": "avion", "costo": 100, "tiempo": 0.8 }] },

    { "origen": "Punta Cana", "destino": "Ciudad de Panamá", "transportes": [{ "tipo": "avion", "costo": 250, "tiempo": 2.5 }] },
    { "origen": "Ciudad de Panamá", "destino": "Punta Cana", "transportes": [{ "tipo": "avion", "costo": 250, "tiempo": 2.5 }] }
  ]
}