{
  "ciudades": ["Madrid", "París", "Roma", "Berlín", "Londres", "Ámsterdam", "Viena", "Praga", "Barcelona", "Múnich"],
  "conexiones": [
    { "origen": "Madrid", "destino": "Barcelona", "transportes": [{ "tipo": "tren", "costo": 60, "tiempo": 2.5 }, { "tipo": "avion", "costo": 80, "tiempo": 1.2 }] },
    { "origen": "Barcelona", "destino": "Madrid", "transportes": [{ "tipo": "tren", "costo": 60, "tiempo": 2.5 }, { "tipo": "avion", "costo": 80, "tiempo": 1.2 }] },
    
    { "origen": "Madrid", "destino": "París", "transportes": [{ "tipo": "avion", "costo": 100, "tiempo": 2 }, { "tipo": "tren", "costo": 120, "tiempo": 7 }] },
    { "origen": "París", "destino": "Madrid", "transportes": [{ "tipo": "avion", "costo": 110, "tiempo": 2 }, { "tipo": "tren", "costo": 120, "tiempo": 7 }] },

    { "origen": "Barcelona", "destino": "París", "transportes": [{ "tipo": "tren", "costo": 90, "tiempo": 6.5 }, { "tipo": "bus", "costo": 40, "tiempo": 14 }] },
    { "origen": "París", "destino": "Barcelona", "transportes": [{ "tipo": "tren", "costo": 90, "tiempo": 6.5 }, { "tipo": "bus", "costo": 40, "tiempo": 14 }] },

    { "origen": "París", "destino": "Londres", "transportes": [{ "tipo": "tren", "costo": 80, "tiempo": 2.5 }, { "tipo": "avion", "costo": 70, "tiempo": 1 }] },
    { "origen": "Londres", "destino": "París", "transportes": [{ "tipo": "tren", "costo": 85, "tiempo": 2.5 }, { "tipo": "avion", "costo": 75, "tiempo": 1 }] },

    { "origen": "París", "destino": "Ámsterdam", "transportes": [{ "tipo": "tren", "costo": 50, "tiempo": 3.5 }, { "tipo": "bus", "costo": 20, "tiempo": 7 }] },
    { "origen": "Ámsterdam", "destino": "París", "transportes": [{ "tipo": "tren", "costo": 50, "tiempo": 3.5 }, { "tipo": "bus", "costo": 20, "tiempo": 7 }] },

    { "origen": "Ámsterdam", "destino": "Berlín", "transportes": [{ "tipo": "tren", "costo": 60, "tiempo": 6 }, { "tipo": "avion", "costo": 90, "tiempo": 1.5 }] },
    { "origen": "Berlín", "destino": "Ámsterdam", "transportes": [{ "tipo": "tren", "costo": 60, "tiempo": 6 }, { "tipo": "avion", "costo": 90, "tiempo": 1.5 }] },

    { "origen": "Berlín", "destino": "Praga", "transportes": [{ "tipo": "tren", "costo": 30, "tiempo": 4.5 }, { "tipo": "bus", "costo": 15, "tiempo": 5 }] },
    { "origen": "Praga", "destino": "Berlín", "transportes": [{ "tipo": "tren", "costo": 30, "tiempo": 4.5 }, { "tipo": "bus", "costo": 15, "tiempo": 5 }] },

    { "origen": "Praga", "destino": "Viena", "transportes": [{ "tipo": "tren", "costo": 25, "tiempo": 4 }, { "tipo": "bus", "costo": 12, "tiempo": 4.5 }] },
    { "origen": "Viena", "destino": "Praga", "transportes": [{ "tipo": "tren", "costo": 25, "tiempo": 4 }, { "tipo": "bus", "costo": 12, "tiempo": 4.5 }] },

    { "origen": "Viena", "destino": "Múnich", "transportes": [{ "tipo": "tren", "costo": 40, "tiempo": 4 }] },
    { "origen": "Múnich", "destino": "Viena", "transportes": [{ "tipo": "tren", "costo": 40, "tiempo": 4 }] },

    { "origen": "Múnich", "destino": "Roma", "transportes": [{ "tipo": "avion", "costo": 110, "tiempo": 1.5 }, { "tipo": "tren", "costo": 85, "tiempo": 9 }] },
    { "origen": "Roma", "destino": "Múnich", "transportes": [{ "tipo": "avion", "costo": 110, "tiempo": 1.5 }, { "tipo": "tren", "costo": 85, "tiempo": 9 }] },

    { "origen": "Roma", "destino": "Madrid", "transportes": [{ "tipo": "avion", "costo": 90, "tiempo": 2.5 }] },
    { "origen": "Madrid", "destino": "Roma", "transportes": [{ "tipo": "avion", "costo": 95, "tiempo": 2.5 }] },

    { "origen": "Londres", "destino": "Ámsterdam", "transportes": [{ "tipo": "avion", "costo": 60, "tiempo": 1.2 }] },
    { "origen": "Ámsterdam", "destino": "Londres", "transportes": [{ "tipo": "avion", "costo": 65, "tiempo": 1.2 }] }
  ]
}