{
  "ciudades": ["New York", "Boston", "Washington DC", "Miami", "Chicago", "Los Angeles", "San Francisco", "Las Vegas", "Toronto", "México DF"],
  "conexiones": [
    { "origen": "New York", "destino": "Boston", "transportes": [{ "tipo": "tren", "costo": 90, "tiempo": 4 }, { "tipo": "bus", "costo": 30, "tiempo": 5 }] },
    { "origen": "Boston", "destino": "New York", "transportes": [{ "tipo": "tren", "costo": 90, "tiempo": 4 }, { "tipo": "bus", "costo": 30, "tiempo": 5 }] },

    { "origen": "New York", "destino": "Washington DC", "transportes": [{ "tipo": "tren", "costo": 80, "tiempo": 3.5 }, { "tipo": "bus", "costo": 25, "tiempo": 5 }] },
    { "origen": "Washington DC", "destino": "New York", "transportes": [{ "tipo": "tren", "costo": 80, "tiempo": 3.5 }, { "tipo": "bus", "costo": 25, "tiempo": 5 }] },

    { "origen": "New York", "destino": "Chicago", "transportes": [{ "tipo": "avion", "costo": 120, "tiempo": 2.5 }, { "tipo": "bus", "costo": 60, "tiempo": 18 }] },
    { "origen": "Chicago", "destino": "New York", "transportes": [{ "tipo": "avion", "costo": 120, "tiempo": 2.5 }, { "tipo": "bus", "costo": 60, "tiempo": 18 }] },

    { "origen": "New York", "destino": "Miami", "transportes": [{ "tipo": "avion", "costo": 150, "tiempo": 3 }] },
    { "origen": "Miami", "destino": "New York", "transportes": [{ "tipo": "avion", "costo": 150, "tiempo": 3 }] },

    { "origen": "Miami", "destino": "México DF", "transportes": [{ "tipo": "avion", "costo": 200, "tiempo": 3.5 }] },
    { "origen": "México DF", "destino": "Miami", "transportes": [{ "tipo": "avion", "costo": 200, "tiempo": 3.5 }] },

    { "origen": "Chicago", "destino": "Toronto", "transportes": [{ "tipo": "avion", "costo": 100, "tiempo": 1.5 }, { "tipo": "bus", "costo": 40, "tiempo": 10 }] },
    { "origen": "Toronto", "destino": "Chicago", "transportes": [{ "tipo": "avion", "costo": 100, "tiempo": 1.5 }, { "tipo": "bus", "costo": 40, "tiempo": 10 }] },

    { "origen": "Chicago", "destino": "Los Angeles", "transportes": [{ "tipo": "tren", "costo": 200, "tiempo": 48 }, { "tipo": "avion", "costo": 250, "tiempo": 4.5 }] },
    { "origen": "Los Angeles", "destino": "Chicago", "transportes": [{ "tipo": "tren", "costo": 200, "tiempo": 48 }, { "tipo": "avion", "costo": 250, "tiempo": 4.5 }] },

    { "origen": "Los Angeles", "destino": "San Francisco", "transportes": [{ "tipo": "avion", "costo": 80, "tiempo": 1.2 }, { "tipo": "bus", "costo": 30, "tiempo": 7 }] },
    { "origen": "San Francisco", "destino": "Los Angeles", "transportes": [{ "tipo": "avion", "costo": 80, "tiempo": 1.2 }, { "tipo": "bus", "costo": 30, "tiempo": 7 }] },

    { "origen": "Los Angeles", "destino": "Las Vegas", "transportes": [{ "tipo": "bus", "costo": 20, "tiempo": 4.5 }, { "tipo": "avion", "costo": 50, "tiempo": 1 }] },
    { "origen": "Las Vegas", "destino": "Los Angeles", "transportes": [{ "tipo": "bus", "costo": 20, "tiempo": 4.5 }, { "tipo": "avion", "costo": 50, "tiempo": 1 }] },

    { "origen": "México DF", "destino": "Los Angeles", "transportes": [{ "tipo": "avion", "costo": 220, "tiempo": 4 }] },
    { "origen": "Los Angeles", "destino": "México DF", "transportes": [{ "tipo": "avion", "costo": 230, "tiempo": 4 }] }
  ]
}