{
  "ciudades": ["Sídney", "Melbourne", "Brisbane", "Perth", "Adelaida", "Auckland", "Wellington", "Christchurch", "Nadi", "Gold Coast"],
  "conexiones": [
    { "origen": "Sídney", "destino": "Melbourne", "transportes": [{ "tipo": "avion", "costo": 80, "tiempo": 1.5 }, { "tipo": "tren", "costo": 60, "tiempo": 11 }, { "tipo": "bus", "costo": 40, "tiempo": 12 }] },
    { "origen": "Melbourne", "destino": "Sídney", "transportes": [{ "tipo": "avion", "costo": 80, "tiempo": 1.5 }, { "tipo": "tren", "costo": 60, "tiempo": 11 }, { "tipo": "bus", "costo": 40, "tiempo": 12 }] },

    { "origen": "Sídney", "destino": "Brisbane", "transportes": [{ "tipo": "avion", "costo": 90, "tiempo": 1.5 }, { "tipo": "tren", "costo": 70, "tiempo": 14 }] },
    { "origen": "Brisbane", "destino": "Sídney", "transportes": [{ "tipo": "avion", "costo": 90, "tiempo": 1.5 }, { "tipo": "tren", "costo": 70, "tiempo": 14 }] },

    { "origen": "Brisbane", "destino": "Gold Coast", "transportes": [{ "tipo": "tren", "costo": 15, "tiempo": 1.5 }] },
    { "origen": "Gold Coast", "destino": "Brisbane", "transportes": [{ "tipo": "tren", "costo": 15, "tiempo": 1.5 }] },

    { "origen": "Melbourne", "destino": "Adelaida", "transportes": [{ "tipo": "avion", "costo": 70, "tiempo": 1.2 }, { "tipo": "bus", "costo": 35, "tiempo": 10 }] },
    { "origen": "Adelaida", "destino": "Melbourne", "transportes": [{ "tipo": "avion", "costo": 70, "tiempo": 1.2 }, { "tipo": "bus", "costo": 35, "tiempo": 10 }] },

    { "origen": "Adelaida", "destino": "Perth", "transportes": [{ "tipo": "avion", "costo": 150, "tiempo": 3.5 }] },
    { "origen": "Perth", "destino": "Adelaida", "transportes": [{ "tipo": "avion", "costo": 150, "tiempo": 3.5 }] },

    { "origen": "Sídney", "destino": "Auckland", "transportes": [{ "tipo": "avion", "costo": 200, "tiempo": 3 }] },
    { "origen": "Auckland", "destino": "Sídney", "transportes": [{ "tipo": "avion", "costo": 200, "tiempo": 3 }] },

    { "origen": "Auckland", "destino": "Wellington", "transportes": [{ "tipo": "avion", "costo": 60, "tiempo": 1 }, { "tipo": "bus", "costo": 25, "tiempo": 11 }] },
    { "origen": "Wellington", "destino": "Auckland", "transportes": [{ "tipo": "avion", "costo": 60, "tiempo": 1 }, { "tipo": "bus", "costo": 25, "tiempo": 11 }] },

    { "origen": "Wellington", "destino": "Christchurch", "transportes": [{ "tipo": "avion", "costo": 50, "tiempo": 1 }, { "tipo": "bus", "costo": 30, "tiempo": 9 }] },
    { "origen": "Christchurch", "destino": "Wellington", "transportes": [{ "tipo": "avion", "costo": 50, "tiempo": 1 }, { "tipo": "bus", "costo": 30, "tiempo": 9 }] },

    { "origen": "Auckland", "destino": "Nadi", "transportes": [{ "tipo": "avion", "costo": 300, "tiempo": 3 }] },
    { "origen": "Nadi", "destino": "Auckland", "transportes": [{ "tipo": "avion", "costo": 300, "tiempo": 3 }] },
    
    { "origen": "Nadi", "destino": "Sídney", "transportes": [{ "tipo": "avion", "costo": 400, "tiempo": 4.5 }] },
    { "origen": "Sídney", "destino": "Nadi", "transportes": [{ "tipo": "avion", "costo": 400, "tiempo": 4.5 }] }
  ]
}