{
  "ciudades": ["Bogotá", "Medellín", "Cartagena", "Lima", "Cusco", "Buenos Aires", "Santiago", "Río de Janeiro", "Sao Paulo", "Quito"],
  "conexiones": [
    { "origen": "Bogotá", "destino": "Medellín", "transportes": [{ "tipo": "avion", "costo": 50, "tiempo": 0.8 }, { "tipo": "bus", "costo": 20, "tiempo": 9 }] },
    { "origen": "Medellín", "destino": "Bogotá", "transportes": [{ "tipo": "avion", "costo": 50, "tiempo": 0.8 }, { "tipo": "bus", "costo": 20, "tiempo": 9 }] },

    { "origen": "Bogotá", "destino": "Cartagena", "transportes": [{ "tipo": "avion", "costo": 70, "tiempo": 1.5 }, { "tipo": "bus", "costo": 30, "tiempo": 20 }] },
    { "origen": "Cartagena", "destino": "Bogotá", "transportes": [{ "tipo": "avion", "costo": 70, "tiempo": 1.5 }, { "tipo": "bus", "costo": 30, "tiempo": 20 }] },

    { "origen": "Medellín", "destino": "Cartagena", "transportes": [{ "tipo": "bus", "costo": 35, "tiempo": 14 }] },
    { "origen": "Cartagena", "destino": "Medellín", "transportes": [{ "tipo": "bus", "costo": 35, "tiempo": 14 }] },

    { "origen": "Bogotá", "destino": "Quito", "transportes": [{ "tipo": "avion", "costo": 120, "tiempo": 1.5 }, { "tipo": "bus", "costo": 60, "tiempo": 30 }] },
    { "origen": "Quito", "destino": "Bogotá", "transportes": [{ "tipo": "avion", "costo": 120, "tiempo": 1.5 }, { "tipo": "bus", "costo": 60, "tiempo": 30 }] },

    { "origen": "Quito", "destino": "Lima", "transportes": [{ "tipo": "avion", "costo": 150, "tiempo": 2.5 }, { "tipo": "bus", "costo": 80, "tiempo": 28 }] },
    { "origen": "Lima", "destino": "Quito", "transportes": [{ "tipo": "avion", "costo": 150, "tiempo": 2.5 }, { "tipo": "bus", "costo": 80, "tiempo": 28 }] },

    { "origen": "Lima", "destino": "Cusco", "transportes": [{ "tipo": "avion", "costo": 60, "tiempo": 1.2 }, { "tipo": "bus", "costo": 25, "tiempo": 22 }] },
    { "origen": "Cusco", "destino": "Lima", "transportes": [{ "tipo": "avion", "costo": 60, "tiempo": 1.2 }, { "tipo": "bus", "costo": 25, "tiempo": 22 }] },

    { "origen": "Lima", "destino": "Santiago", "transportes": [{ "tipo": "avion", "costo": 180, "tiempo": 3.5 }] },
    { "origen": "Santiago", "destino": "Lima", "transportes": [{ "tipo": "avion", "costo": 180, "tiempo": 3.5 }] },

    { "origen": "Santiago", "destino": "Buenos Aires", "transportes": [{ "tipo": "avion", "costo": 140, "tiempo": 2 }, { "tipo": "bus", "costo": 70, "tiempo": 20 }] },
    { "origen": "Buenos Aires", "destino": "Santiago", "transportes": [{ "tipo": "avion", "costo": 140, "tiempo": 2 }, { "tipo": "bus", "costo": 70, "tiempo": 20 }] },

    { "origen": "Buenos Aires", "destino": "Sao Paulo", "transportes": [{ "tipo": "avion", "costo": 200, "tiempo": 3 }] },
    { "origen": "Sao Paulo", "destino": "Buenos Aires", "transportes": [{ "tipo": "avion", "costo": 210, "tiempo": 3 }] },

    { "origen": "Sao Paulo", "destino": "Río de Janeiro", "transportes": [{ "tipo": "bus", "costo": 25, "tiempo": 6 }, { "tipo": "avion", "costo": 50, "tiempo": 1 }] },
    { "origen": "Río de Janeiro", "destino": "Sao Paulo", "transportes": [{ "tipo": "bus", "costo": 25, "tiempo": 6 }, { "tipo": "avion", "costo": 50, "tiempo": 1 }] },

    { "origen": "Río de Janeiro", "destino": "Bogotá", "transportes": [{ "tipo": "avion", "costo": 400, "tiempo": 6 }] },
    { "origen": "Bogotá", "destino": "Río de Janeiro", "transportes": [{ "tipo": "avion", "costo": 420, "tiempo": 6 }] }
  ]
}